{"type": "block", "layer": 0, "block": 0, "features": [{"geom": {"lines": [[[-717.7204234051751, 578.244648354128, 47.39793014526367], [-716.7392597940052, 575.6030540168285, 47.26875305175781], [-675.6058622621931, 590.3205081801862, 46.6939697265625], [-670.1717253404204, 575.7540022656322, 46.68291091918945], [-669.6434064725181, 573.1124079283327, 46.67605209350586], [-675.6058622618439, 570.4708135910332, 46.7287483215332], [-673.4925867922138, 559.8289621192962, 46.4998893737793], [-670.8887295179302, 553.4891357123852, 45.38157653808594], [-668.0207128091715, 549.1493735872209, 44.04755401611328], [-652.2088838488562, 531.6393768396229, 38.27665710449219], [-650.3975048754364, 528.3939895126969, 37.726776123046875], [-650.6239272472449, 521.2239477410913, 36.04917526245117], [-649.7937118839473, 516.7709744293243, 34.8365478515625], [-648.8125482728938, 512.1670528706163, 33.323570251464844], [-647.1521175473463, 506.88386419788003, 31.454574584960938], [-648.6616000253707, 499.03455531038344, 29.076065063476562], [-647.9068587862421, 497.9024434518069, 28.8818302154541], [-638.8499639169313, 493.0720995217562, 26.005138397216797], [-634.6234129775548, 483.41141165979207, 22.012962341308594], [-630.0194914193125, 473.9016720466316, 18.053253173828125], [-627.9816900735023, 468.9203798696399, 15.38666820526123], [-623.2268202672713, 461.63712691515684, 14.985321998596191], [-619.943695877213, 462.2786569669843, 14.759666442871094], [-615.3397743181558, 464.92025130428374, 14.260193824768066], [-606.6413815374253, 456.24072705581784, 13.390884399414062], [-586.7162128248019, 480.1094187423587, 14.188941955566406], [-580.6782829117728, 481.01510822959244, 14.392462730407715], [-540.9788937335834, 450.3726139217615, 12.968453407287598], [-533.054110723082, 443.0516239013523, 12.77794361114502], [-519.0159236756153, 454.6746389847249, 12.984969139099121], [-509.2042875669431, 466.14670581929386, 13.350090026855469], [-487.9205846231198, 488.18515000119805, 13.471064567565918], [-487.16584338468965, 498.1477343607694, 13.664002418518066], [-475.24093180615455, 511.28023192100227, 13.993295669555664], [-543.0166950793937, 577.1691420953721, 14.983538627624512], [-556.828459755634, 591.7356480099261, 15.34138298034668], [-563.0173379158368, 598.2264226656407, 15.798498153686523], [-561.7342778097373, 599.434008648619, 15.627761840820312], [-555.3189772771439, 598.7547415327281, 15.251382827758789], [-552.3000123202801, 597.169784931466, 15.13393783569336], [-542.26195384108, 603.6605595871806, 15.22271728515625], [-519.0913977995515, 610.3777566161007, 15.223647117614746], [-503.69467652088497, 614.4533593058586, 15.170528411865234], [-495.694419386331, 617.3213760145009, 15.108504295349121], [-497.9586431036005, 625.4725813958794, 14.590536117553711]]], "w": 2, "h": 2}, "mtl": 0}], "featureCount": 1, "startIndex": 0}