{"type": "block", "layer": 1, "block": 0, "features": [{"geom": {"lines": [[[-844.7737290873192, 583.7583050839603, 64.92549896240234], [-854.4457228133688, 608.3200786244124, 64.5278549194336], [-859.4089827509597, 626.9004876241088, 60.50672912597656], [-849.4824628747301, 628.0458553023636, 60.24874496459961], [-833.0655261566862, 633.0091152396053, 59.78340148925781], [-828.6113185200375, 635.4271136708558, 59.53206253051758], [-766.3796746801818, 689.3866576123983, 54.88333511352539], [-705.5479246708564, 746.4005153626204, 54.26416015625], [-664.6964774880325, 784.9612271897495, 56.541378021240234], [-627.9174487156561, 812.1955253109336, 57.922969818115234], [-597.1197844848502, 834.021142732352, 57.99003601074219], [-582.4845308214426, 842.9931895434856, 58.4937858581543], [-574.3396939999657, 846.1111348904669, 58.66706085205078], [-553.5321811824106, 862.4644400719553, 58.79563522338867], [-550.1597096859477, 857.1830224450678, 58.87270736694336], [-545.2600812844466, 848.2109756339341, 58.83301544189453], [-542.7784513160586, 836.4391411654651, 58.57796859741211], [-541.8239782511955, 830.3305135499686, 58.31678009033203], [-517.9939673937624, 800.8691116068512, 58.18038558959961], [-516.9758627914125, 797.4330085720867, 43.33732604980469], [-497.88640148960985, 800.614585455507, 43.33732604980469], [-486.5599877841305, 752.5091429762542, 43.33732604980469], [-490.56877465813886, 751.2365122251213, 51.94457244873047], [-491.4596161853988, 747.4186199661344, 51.65935134887695], [-490.4415115826996, 742.4553600270301, 49.718910217285156], [-487.64172392489854, 737.3012054748833, 49.635231018066406], [-482.86935860011727, 736.0285747218877, 49.014434814453125], [-476.824362520827, 736.4739954862744, 46.428226470947266], [-472.1156287329504, 739.9100985191762, 44.072669982910156], [-468.04321032203734, 744.2370430808514, 42.147071838378906], [-465.3706857392099, 745.9550945982337, 41.178279876708984], [-460.53468887647614, 746.3368838243186, 39.55550003051758], [-455.3805343246786, 745.5096738357097, 37.5513916015625], [-452.1353259040043, 741.7554131131619, 35.637962341308594], [-449.78095900954213, 738.7010993044823, 34.612945556640625], [-437.4364407013636, 741.8826761879027, 34.55500411987305], [-445.2631198342424, 765.87176589109, 34.799537658691406], [-440.29985989641864, 767.1443966440856, 34.81283950805664]]], "w": 1, "h": 2}, "mtl": 0}], "featureCount": 1, "startIndex": 0}